Lab_ID,Vulnerability_Type,Attack_Vector,File_Path,Tool_Category,Status
A1: Injection,SQL Injection,Login bypass using payload: anything' OR '1' ='1,introduction/views.py,DAST/SAST,True Positive (Intended)
A1: Injection,Command Injection (Lab 1),NS lookup OS command injection using && or ;,introduction/views.py,DAST/SAST,True Positive (Intended)
A1: Injection,Command Injection (Lab 2),Python eval() exploitation using os.system(),introduction/views.py,DAST/SAST,True Positive (Intended)
A2: Broken Authentication,Lack of Rate Limiting,Brute-forcing 3-digit OTP,introduction/views.py,DAST/SAST,True Positive (Intended)
A3: Sensitive Data Exposure,Information Disclosure,"Debug mode enabled, leaking settings.py",pygoat/settings.py,DAST/SAST,True Positive (Intended)
A4: XML External Entities,XXE Injection,"XML parser allows DTD retrieval (e.g., file:///etc/passwd)",introduction/views.py,DAST/SAST,True Positive (Intended)
A5: Broken Access Control,Insecure Cookie,Privilege escalation by changing 'admin' cookie from 0 to 1,introduction/views.py,DAST/SAST,True Positive (Intended)
A6: Security Misconfiguration,Insecure Header Validation,Bypass restriction using X-Host: admin.localhost:8000,introduction/views.py,DAST/SAST,True Positive (Intended)
A7: Cross Site Scripting,Reflected XSS,Search query reflects HTML/JS tags,introduction/views.py,DAST/SAST,True Positive (Intended)
A8: Insecure Deserialization,Pickle Deserialization,Modifying Base64 encoded pickle cookie to gain admin,introduction/views.py,DAST/SAST,True Positive (Intended)
A9: Vulnerable Components,RCE via Dependency,Using pyyaml 5.1 to execute subprocess,introduction/views.py,SCA,True Positive (Intended)
A10: Insufficient Logging,Information Disclosure,Credentials exposed in /debug route logs,introduction/views.py,DAST/SAST,True Positive (Intended)
2021-A4: Insecure Design,Business Logic Flaw,Bypassing ticket limits by creating multiple accounts,introduction/views.py,DAST/SAST,True Positive (Intended)
2021-A10: SSRF,Path Traversal / SSRF,Hidden input tag manipulated to read ../.env,introduction/views.py,DAST/SAST,True Positive (Intended)
2021-A1: Broken Access Control (Lab 2),User-Agent Spoofing,Authentication bypassed using User-Agent: pygoat_admin,introduction/views.py,DAST/SAST,True Positive (Intended)
2021-A1: Broken Access Control (Lab 3),Missing Authentication,/broken_access_controle/secret accessible without admin session,introduction/views.py,DAST/SAST,True Positive (Intended)
2021-A2: Cryptographic Failure (Lab 1),Weak Hashing (MD5),32-character hash cracked to admin1234,introduction/views.py,DAST/SAST,True Positive (Intended)
2021-A2: Cryptographic Failure (Lab 2),Custom Hash Reversal,Custom hash function reversed to password777,introduction/views.py,DAST/SAST,True Positive (Intended)
2021-A2: Cryptographic Failure (Lab 3),Predictable Cookie Format,Forging cookie format {username}|{timestamp},introduction/views.py,DAST/SAST,True Positive (Intended)
2021-A6: Vulnerable Components,Code Execution via Dependency,Exploiting pillow 8 via math expression eval,introduction/views.py,SCA,True Positive (Intended)
2021-A3: Server side Template Injection,SSTI,Django template injection using {% get_admin_log %},introduction/views.py,DAST/SAST,True Positive (Intended)
2021-A8: Data Integrity failure,DOM XSS / Integrity,Replacing download link via URL parameters,introduction/views.py,DAST/SAST,True Positive (Intended)
2021-A9: Insufficient Logging,Log Injection,Injecting newline characters into username field,introduction/views.py,DAST/SAST,True Positive (Intended)
2021-A10: SSRF (Lab 2),SSRF,Accessing local-only /ssrf_target via data fetching utility,introduction/views.py,DAST/SAST,True Positive (Intended)
A3: Injection (Setup),Hardcoded Credential,Hardcoded test user passwords in views.py,introduction/views.py,SAST,True Positive (Incidental)
Global,Disabled CSRF,CSRF protection disabled via @csrf_exempt decorator,introduction/views.py,SAST,True Positive (Incidental)
Global,Disabled Auto-Escaping,Django auto-escaping disabled in templates,challenge/templates/challenge.html,SAST,True Positive (Incidental)
Global,Disabled Auto-Escaping,Django auto-escaping disabled in templates,introduction/templates/Lab/XSS/xss_lab.html,SAST,True Positive (Incidental)
Global,Disabled Auto-Escaping,Django auto-escaping disabled in templates,introduction/templates/Lab/XSS/xss_lab_2.html,SAST,True Positive (Incidental)
Docker_Auth_Lab,Hardcoded Secret Key,Hardcoded Flask secret key in app.py,dockerized_labs/broken_auth_lab/app.py,SAST,True Positive (Intended)
Docker_Auth_Lab,Insecure Storage,Storing user data in memory,dockerized_labs/broken_auth_lab/app.py,SAST,True Positive (Intended)
Docker_Auth_Lab,Weak Password,Weak dictionary password (admin123/password123) used,dockerized_labs/broken_auth_lab/app.py,SAST,True Positive (Intended)
Docker_Auth_Lab,Insecure Storage,Storing reset tokens in memory,dockerized_labs/broken_auth_lab/app.py,SAST,True Positive (Intended)
Docker_Auth_Lab,Broken Authentication,Plain text password comparison,dockerized_labs/broken_auth_lab/app.py,SAST,True Positive (Intended)
Docker_Auth_Lab,Insecure Session Management,Base64 encoded session token without signature,dockerized_labs/broken_auth_lab/app.py,SAST,True Positive (Intended)
Docker_Auth_Lab,Broken Authentication,Insecure Remember Me implementation,dockerized_labs/broken_auth_lab/app.py,SAST,True Positive (Intended)
Docker_Auth_Lab,Broken Authentication,No password complexity requirements,dockerized_labs/broken_auth_lab/app.py,SAST,True Positive (Intended)
Docker_Auth_Lab,Insecure Storage,Storing plain text passwords on registration,dockerized_labs/broken_auth_lab/app.py,SAST,True Positive (Intended)
Docker_Auth_Lab,Broken Authentication,Password reset token generation logic flaw,dockerized_labs/broken_auth_lab/app.py,SAST,True Positive (Intended)
Docker_Auth_Lab,Weak Hashing,Predictable token generation using MD5,dockerized_labs/broken_auth_lab/app.py,SAST,True Positive (Intended)
Docker_Auth_Lab,Information Disclosure,Password reset token exposed in response flash,dockerized_labs/broken_auth_lab/app.py,SAST,True Positive (Intended)
Docker_Auth_Lab,Broken Authentication,Insecure session validation trusting client payload,dockerized_labs/broken_auth_lab/app.py,SAST,True Positive (Intended)
Docker_Auth_Lab,Security Misconfiguration,Debug mode enabled in production,dockerized_labs/broken_auth_lab/app.py,SAST,True Positive (Intended)
Docker_Auth_Lab,Security Misconfiguration,Web server bound to all network interfaces (0.0.0.0),dockerized_labs/broken_auth_lab/app.py,SAST,True Positive (Incidental)
Docker_Auth_Lab,Disabled CSRF,Missing CSRF protection in Flask app,dockerized_labs/broken_auth_lab/app.py,SAST,True Positive (Incidental)
Docker_Insec_Des_Lab,Insecure Deserialization,Intentionally vulnerable __reduce__ method for Pickle,dockerized_labs/insec_des_lab/main.py,SAST,True Positive (Intended)
Docker_Insec_Des_Lab,Insecure Deserialization,Unsafe pickle.loads() on user-controlled base64 string,dockerized_labs/insec_des_lab/main.py,SAST,True Positive (Intended)
Docker_Insec_Des_Lab,Security Misconfiguration,Web server bound to all network interfaces (0.0.0.0),dockerized_labs/insec_des_lab/main.py,SAST,True Positive (Incidental)
Docker_Insec_Des_Lab,Disabled CSRF,Missing CSRF protection in Flask app,dockerized_labs/insec_des_lab/main.py,SAST,True Positive (Incidental)